{
  "model": "anomaly_detector",
  "framework": "TensorFlow 2.16.1",
  "trained_at": "2026-03-06T22:51:44.094423Z",
  "samples": 43004,
  "anomaly_rate_pct": 0.0,
  "features": [
    "amt_log_norm",
    "amt_z_norm",
    "util_delay_norm",
    "is_q4",
    "is_q1",
    "cat_enc",
    "vendor_risk",
    "ddo_tx_vol",
    "ddo_avg_amt",
    "util_missing"
  ],
  "scaler_mean": [
    0.9062053942508491,
    0.4994768278961164,
    0.09211405953928663,
    0.43978722785803565,
    0.10315960817370579,
    0.49901979655721274,
    0.35644594946616776,
    0.7655196699992732,
    0.8598142636448437,
    0.07638868703310758
  ],
  "scaler_scale": [
    0.059388753435381476,
    0.09988074444377538,
    0.12068604483530027,
    0.49636118106782345,
    0.30416722935763335,
    0.3190137795990139,
    0.22793544424418752,
    0.1085057130607342,
    0.0504079657916028,
    0.2656190044527607
  ],
  "performance": {
    "accuracy": 1.0,
    "precision": 0.0,
    "recall": 0.0,
    "f1": 0.0,
    "auc_roc": NaN
  },
  "confusion_matrix": [
    [
      8601
    ]
  ]
}